,V11,Val.condapproach,Val.evapapproach,Val.instantikwtr,Val.condsattemp,Val.evapsattemp,Val.compressordischargetemp,Val.lchwt,Val.rchwt,Val.lcdwt,Val.rcdwt,Val.cteffectiveness,Val.wetbulbtemp,Val.outsidetemp
1,2014-07-08,4.975471636,3.745282938,0.59648734,89.65849057,50.01320755,121.2396226,53.75849057,61.96037736,84.68301887,77.58301887,53.33526709,71.74414488,83.21849057
2,2014-07-13,4.933333774,3.092592737,0.592568433,90.26111111,50.79074074,120.6407407,53.88333333,61.95185185,85.32777778,78.29444444,52.00807952,71.1325024,80.24333333
3,2014-07-14,5.540909026,4.63272704,0.637127761,93.02090909,49.55,125.8718182,54.18272727,63.05909091,87.48,79.66545455,52.52236864,72.4425294,80.73581818
4,2014-07-15,5.116071026,4.399099258,0.637528925,91.73928571,49.73928571,124.4767857,54.18035714,62.36696429,86.62321429,79.44553571,50.53539083,71.79540463,81.89214286
5,2014-07-16,5.753773808,4.128301756,0.614108489,93.51509434,51.04528302,125.5537736,55.17358491,63.78867925,87.76132075,79.89716981,51.87995392,72.6807811,83.56150943
6,2014-07-17,5.369369511,4.327927968,0.6310518,91.97027027,49.06846847,124.7864865,53.3963964,62.45675676,86.6009009,79.04414414,52.86342858,72.68457194,82.63027027
7,2014-07-18,5.456896555,5.394827105,0.672053787,92.59137931,47.86896552,126.5017241,53.2637931,62.29137931,87.13448276,79.34137931,53.67297993,73.45683283,84.25586207
8,2014-07-21,4.914814981,2.987036946,0.59130698,90.04814815,50.28333333,121.287037,53.27037037,61.64259259,85.13333333,78.1,51.55684893,71.22197597,79.54666667
9,2014-07-22,5.626786022,4.679464437,0.645077038,92.58839286,48.72946429,125.7258929,53.40892857,62.59553571,86.96160714,79.03928571,52.66357252,72.27015038,80.09375
10,2014-07-23,4.893102848,4.522413712,0.659608616,90.63103448,48.09137931,124.012069,52.6137931,60.82241379,85.73793103,78.78965517,52.10318591,72.26156865,79.5262069
11,2014-07-24,4.763793279,2.631034188,0.586893482,89.29137931,50.5862069,119.1086207,53.21724138,61.35172414,84.52758621,77.88448276,52.4177015,71.97939786,81.23931034
12,2014-07-25,4.663793367,4.368965821,0.667990117,89.99482759,48.56724138,123.1568966,52.9362069,60.58103448,85.33103448,78.77068966,52.79104821,72.84368778,81.75448276
13,2014-07-27,4.903704037,3.401887017,0.61586004,89.57037037,50.17037037,121.1703704,53.64074074,61.57592593,84.66666667,77.83333333,51.40559607,70.99199287,77.56666667
14,2014-07-28,4.516128061,4.458064813,0.667205054,88.88064516,48.51290323,121.8322581,52.97096774,60.28709677,84.36451613,78.0483871,50.93982816,71.52973485,79.83354839
15,2014-07-30,5.137975087,3.551898904,0.635609271,91.89620253,49.83544304,124.0822785,53.38734177,61.85443038,86.75822785,79.50506329,51.48775644,72.56409201,79.59746835
16,2014-07-31,5.74272793,4.758181654,0.654695474,93.23818182,49.19272727,126.4481818,53.95090909,62.63727273,87.49545455,79.65181818,53.21585572,73.1110207,80.46254545
17,2014-08-01,6.161403851,6.121052589,0.664285808,94.32807018,49.47719298,128.0438596,55.59824561,63.6,88.16666667,79.85438596,53.14013825,72.86291025,82.34
18,2014-08-03,5.855555354,4.231481261,0.626658954,92.96666667,50.80925926,125.0240741,55.04074074,63.37962963,87.11111111,79.1462963,53.65831661,72.55106243,79.81
19,2014-08-04,5.499098907,4.707207206,0.649357044,92.54594595,49.41801802,125.572973,54.12522523,62.74594595,87.04684685,79.46576577,52.74538565,72.92237482,80.60324324
20,2014-08-05,5.068518949,4.595370367,0.654456889,90.35092593,48.6787037,123.4194444,53.27407407,61.27222222,85.28240741,78.33703704,52.33765286,72.0048992,80.20333333
21,2014-08-06,5.177142553,3.480000261,0.627706155,90.67142857,49.93,122.7828571,53.41,61.63285714,85.49428571,78.43571429,51.86148756,72.02596074,79.79771429
22,2014-08-10,6.072222381,3.235185281,0.607809717,93.57962963,50.68518519,125.1962963,53.92037037,63.45555556,87.50740741,79.41296296,53.19839935,73.14317783,81.81
23,2014-08-11,5.824107037,4.387499923,0.652792407,92.72142857,49.18839286,125.7964286,53.57589286,62.44196429,86.89732143,79.31339286,52.69554003,73.04715863,79.80607143
24,2014-08-12,5.395535875,4.786607196,0.660260032,90.42857143,48.3125,123.7428571,53.09910714,61.27232143,85.03303571,78.01517857,51.63956907,71.65272293,79.71125
25,2014-08-13,5.642056603,4.009346199,0.647489561,91.29158879,49.48411215,123.9579439,53.49345794,61.82897196,85.64953271,78.4411215,51.13718346,72.18269008,83.80971963
26,2014-08-14,5.841380016,6.210344807,0.704131133,91.59655172,46.79137931,126.537931,53.00172414,61.32068966,85.75517241,78.42758621,50.28572534,72.1044136,88.27482759
27,2014-08-17,6.601886811,4.471698,0.646098011,94.27358491,50.5490566,126.9339623,55.02075472,64.19056604,87.67169811,79.18679245,51.83186945,72.65631404,83.29320755
28,2014-08-18,6.129464619,4.777678622,0.677566018,94.14017857,49.52142857,127.8339286,54.29910714,63.14642857,88.01071429,79.93571429,51.42411163,73.65787874,86.32142857
29,2014-08-19,5.297297498,4.183784325,0.713598901,93.31801802,49.26126126,127.3063063,53.44504505,61.13063063,88.02072072,80.7009009,52.40005191,75.1958167,90.87945946
30,2014-08-20,5.036207131,2.498276084,0.664339674,93.32413793,51.61206897,125.1965517,54.11034483,61.54655172,88.28793103,81.51551724,52.91042688,75.801313,88.36482759
31,2014-08-21,5.37916668,2.736458615,0.701092873,94.70208333,50.73229167,127.5927083,53.46875,60.90625,89.32291667,80.696875,54.38348916,75.35543439,91.495625
32,2014-08-22,5.680327746,4.845901618,0.790454513,96.55081967,48.18196721,133.0213115,53.02786885,60.82131148,90.8704918,80.83770492,53.96499711,75.50071346,95.65508197
33,2014-08-24,5.215383952,2.939215871,0.627480563,88.74615385,50.29423077,119.6884615,53.30384615,60.53846154,83.53076923,77.76538462,50.45361237,71.84757674,82.13692308
34,2014-08-25,5.678334167,5.171666591,0.705587437,90.22,47.05833333,124.28,52.23,59.89,84.54166667,78.22,50.44107378,72.75082253,86.285
35,2014-08-26,1.424999389,3.301923379,0.552644385,85.63018868,49.75660377,115.7716981,53.12830189,62.03018868,84.16981132,77.52075472,49.68110015,70.03011703,77.18
36,2014-08-27,1.633912401,4.640869803,0.579948588,85.97217391,48.37565217,117.2634783,53.01652174,61.79304348,84.33826087,77.66608696,50.01485814,70.47744601,78.30226087
37,2014-08-28,1.524590536,4.777049415,0.590142892,84,48.13442623,115.6311475,52.91147541,60.7704918,82.47540984,76.39508197,50.00238677,69.78502816,78.54918033
38,2014-08-31,1.453846851,4.003846048,0.589897632,88,49.29433962,118.4716981,53.37735849,61.81132075,86.49622642,79.6754717,49.37269643,72.39893985,78.42981132
39,2014-09-01,1.518584527,4.747368196,0.59646948,87.84385965,48.37105263,119.8245614,53.11842105,62.19210526,86.30877193,79.25964912,52.56821876,72.90206639,79.45684211
40,2014-09-02,1.561607226,5.060177052,0.595855153,87.9840708,48.01769912,120.0955752,53.07787611,62.45929204,86.4079646,79.12654867,52.67606242,72.92025795,82.99893805
41,2014-09-03,1.464912338,4.750877454,0.582576298,86.7377193,48.29561404,118.5052632,53.04649123,62.14385965,85.27280702,78.24035088,52.03608268,72.06739995,82.98578947
42,2014-09-04,1.437719504,4.72105299,0.593625988,87.08421053,48.25701754,118.8535088,52.97807018,61.82631579,85.64649123,78.77368421,52.10141011,72.53921163,80.79421053
43,2014-09-05,1.531148317,6.521311777,0.632074288,88.27213115,46.39180328,121.9704918,52.91311475,62.08688525,86.74098361,79.52295082,52.79540739,73.2426435,79.87114754
44,2014-09-07,1.484615479,4.007547772,0.570012552,86.98490566,49.15471698,117.845283,53.16226415,62.13396226,85.46603774,78.53396226,51.03845272,71.67913068,80.10415094
45,2014-09-08,1.559130395,5.300869938,0.590588747,86.70869565,47.77130435,118.8921739,53.07217391,62.15130435,85.14956522,78.0573913,51.35410654,71.6721576,82.63947826
46,2014-09-09,1.466371179,4.785087749,0.578089098,85.52631579,48.25,117.0131579,53.03508772,61.73684211,84.04385965,77.24473684,49.7440667,70.55801057,82.74578947
47,2014-09-10,1.542342251,4.966667043,0.57439259,85.7990991,48.20990991,117.4261261,53.17657658,62.10990991,84.25675676,77.24774775,50.25141702,70.58013651,83.26918919
48,2014-09-11,1.474312037,4.453636635,0.561963416,85.36727273,48.76454545,116.3745455,53.21818182,62.05727273,83.87727273,76.94909091,49.70884473,70.14014317,84.39472727
49,2014-09-12,1.510526281,3.458928784,0.556079333,85.81403509,48.91403509,116.7210526,52.43859649,61.58070175,84.30350877,77.27719298,49.6991376,70.65977714,86.72315789
50,2014-09-14,1.471698264,3.790385102,0.560751629,86.84528302,49.36415094,117.6509434,53.23962264,62.53962264,85.37358491,78.29433962,50.85791449,71.16032072,79.89358491
51,2014-09-15,1.622807161,5.761403773,0.599534687,87.95263158,47.37982456,120.5491228,53.14122807,62.79385965,86.32982456,78.82894737,50.14830118,71.50110326,83.09315789
52,2014-09-16,1.497391276,5.034783055,0.573039271,85.62956522,48.02782609,117.2747826,53.0626087,62.19826087,84.13217391,77.10869565,50.70634685,70.47913978,82.23721739
53,2014-09-17,1.467544286,5.411403787,0.566946047,84.28859649,47.58508772,115.9385965,52.99649123,61.9622807,82.82105263,75.60263158,52.1409721,69.61416713,82.98421053
54,2014-09-18,1.510526217,5.662281055,0.568713454,84.71052632,47.34736842,116.6947368,53.00964912,62.18596491,83.2,75.63859649,53.75799566,70.33007021,83.45631579
55,2014-09-19,1.622034495,7.744068161,0.618666473,87.20508475,45.24067797,121.5491525,52.98474576,62.67118644,85.58305085,77.50338983,53.68961064,72.15367448,85.83220339
56,2014-09-21,1.351428443,3.071428469,0.554274362,86.94722222,50.37222222,117.1861111,53.58888889,62.36944444,85.55,78.29166667,53.94042942,72.3564833,81.3
57,2014-09-22,1.540000587,4.330434827,0.584556609,89.43391304,50.03391304,120.8921739,54.36434783,63.44434783,87.89391304,79.79130435,52.55826376,73.29455799,86.30052174
58,2014-09-23,1.475438432,4.579999903,0.602474388,88.58782609,48.89130435,120.8043478,53.47130435,62.26782609,87.09826087,79.43652174,53.83218581,74.05474098,87.10034783
59,2014-09-24,1.406194633,4.199122677,0.620582411,88.33859649,49.10614035,120.5008772,53.30526316,61.39210526,86.91403509,79.85701754,53.02754684,74.24163219,86.9
60,2014-09-25,1.411403112,4.196521905,0.624894869,87.72347826,48.92347826,120.02,53.12,60.98608696,86.29652174,79.49913043,52.63178042,74.049872,87.14730435
61,2014-09-26,1.468333813,4.97166648,0.652380491,88.60166667,48.01,121.9166667,52.98166667,60.98,87.13333333,80.22,52.8073292,75.17075117,90.398
62,2014-09-28,1.538462267,3.641176937,0.601060149,89.49245283,49.66037736,121.2358491,53.4754717,62.43962264,87.91698113,80.19622642,53.09338974,73.92813192,83.13018868
63,2014-09-29,1.395876385,4.102041132,0.619686804,88.76938776,48.82653061,121.0163265,52.92857143,61.38367347,87.35612245,80.1377551,51.99649474,74.41113242,87.30408163
64,2014-09-30,1.320175236,4.320000034,0.619635601,88.05217391,48.81043478,120.4643478,53.13043478,61.37304348,86.72,79.68521739,51.86288474,73.90070594,88.7
65,2014-10-01,1.259649193,4.212069507,0.609715865,87.3362069,49.22586207,119.2637931,53.43793103,61.32586207,86.0362069,79.11034483,50.93699971,73.23752893,90.0437931
66,2014-10-05,1.430769254,3.671999876,0.599059183,89.85471698,49.97169811,121.5773585,53.98679245,63.15471698,88.37735849,80.41509434,53.39265449,74.15131433,83.59886792
67,2014-10-06,1.373214379,4.916363699,0.607670102,87.7159292,48.2300885,120.1539823,53.28672566,61.90176991,86.32654867,78.73893805,52.64673163,72.76525284,82.81256637
68,2014-10-07,1.212612539,3.907080056,0.603436464,87.24424779,49.22212389,118.8911504,53.12920354,61.30973451,86.00619469,79.13097345,51.22310571,73.13026342,83.50070796
69,2014-10-08,1.15398266,4.062280966,0.612739181,86.73859649,49.01491228,118.5482456,53.07719298,60.82631579,85.57192982,79.0245614,51.95916911,73.37624347,82.98736842
70,2014-10-09,1.191150643,4.28684229,0.623520863,87.5245614,48.87719298,119.8289474,53.16403509,61.06666667,86.31578947,79.62894737,51.94309709,74.06107869,85.12526316
71,2014-10-10,1.150000139,4.805000237,0.665586038,88.43166667,48.14833333,121.7083333,52.95333333,60.5,87.28166667,80.825,52.040616,75.52697828,85.868
72,2014-10-12,1.213726123,3.238775765,0.58114207,86.37884615,49.89615385,117.2307692,53.40192308,61.53461538,85.125,78.31730769,40.33578025,72.52808149,80.915
73,2014-10-13,1.19557474,4.227193574,0.586840349,84.89210526,48.85964912,115.8912281,53.08684211,60.86052632,83.68157895,77.18596491,49.10422104,71.99531758,85.98421053
74,2014-10-14,1.157143121,3.900000247,0.604013431,86.57699115,49.21769912,118.1424779,53.11769912,60.98141593,85.40707965,78.88318584,49.52689336,73.02696115,87.19946903
75,2014-10-15,1.230089509,3.196491473,0.590373007,87.29298246,49.91315789,118.4859649,53.10964912,61.36578947,86.04473684,79.28859649,49.23784444,73.79822545,86.09
76,2014-10-16,1.300000067,2.183636645,0.567386107,86.49553571,49.80178571,116.5276786,52.04285714,60.24464286,85.16428571,78.54464286,49.11889997,73.08694704,85.04375
77,2014-10-17,1.386885579,3.76557397,0.603751223,86.52786885,47.18196721,118.4229508,50.94754098,59.69836066,85.14098361,77.91803279,50.63804116,72.86736852,88.04196721
78,2014-10-19,1.644230321,2.971698125,0.548263965,87.10188679,48.86037736,117.3679245,51.83207547,61.69433962,85.41698113,77.46603774,50.0970166,72.20393542,78.60301887
79,2014-10-20,1.546956808,3.613043584,0.550579093,86.0826087,49.41043478,116.0086957,53.02347826,62.11652174,84.53565217,77.04608696,51.36348855,72.23543334,79.96295652
80,2014-10-21,1.552631326,4.265517583,0.576169554,87.2637931,48.88965517,118.4051724,53.15517241,62.52241379,85.62758621,77.16896552,54.12771684,72.90887909,84.07896552
81,2014-10-22,0.98653867,2.069811547,0.539943736,84.37169811,50.99056604,111.554717,53.06037736,60.10754717,83.33962264,77.33773585,49.45207938,72.50090197,80.87169811
82,2014-10-23,0.988288262,2.600870046,0.5651288,84.33043478,50.4173913,112.3304348,53.01826087,59.74782609,83.29478261,77.61043478,46.5087616,72.81919918,83.00573913
83,2014-10-24,1.0186443,3.077049687,0.595907513,84.90983607,49.89180328,114.195082,52.96885246,59.6852459,83.81967213,78.14590164,51.18936197,73.9049193,85.67540984
84,2014-10-26,1.211538602,2.213461431,0.533568211,84.46603774,50.87358491,112.7301887,53.14716981,60.8245283,83.21320755,77.05283019,49.90146685,72.84530752,80.4709434
85,2014-10-27,1.155357774,2.873684295,0.577520759,85.58596491,50.14385965,115.2798246,53.01754386,60.49912281,84.40087719,78.29561404,50.1808333,73.65377021,83.33631579
86,2014-10-28,1.333628768,3.215789843,0.56604006,85.10350877,49.83245614,114.9798246,53.04824561,61.1,83.75701754,77.29473684,50.98788015,72.30543748,83.39947368
87,2014-10-29,1.66106159,3.993750235,0.543148956,85.32123894,48.9840708,115.8814159,53.0159292,62.43362832,83.66017699,76.2920354,51.58789514,71.06284185,82.94637168
88,2014-10-30,1.496396035,3.30900921,0.537914416,84.4375,49.81517857,114.2330357,53.15535714,61.73303571,82.92410714,76.15535714,48.92922301,69.93253946,82.54464286
89,2014-10-31,1.408621407,2.936206888,0.581497164,84.28965517,46.18793103,115.5448276,49.12413793,57.57931034,82.88103448,76.03793103,51.16680991,70.57599055,84.25586207
90,2014-11-02,1.225396774,2.507936983,0.529278543,83.82,50.44307692,111.3723077,53.07076923,60.56461538,82.53692308,76.22,44.92776275,68.64266884,81.65507692
91,2014-11-03,1.455263376,3.427193299,0.516668051,82.02719298,49.47982456,111.1131579,52.90701754,61.36666667,80.57192982,73.82982456,47.9114421,67.16065784,83.44684211
92,2014-11-04,1.413084079,3.33981518,0.516479289,81.71666667,49.67962963,110.9092593,53.01944444,61.31851852,80.28796296,73.72037037,48.40026598,67.77938132,82.53333333
93,2014-11-05,1.428037336,3.388889144,0.499876841,80.1962963,49.4712963,109.0138889,52.86018519,61.13888889,78.75092593,72.25462963,47.01219537,65.35293147,82.48833333
94,2014-11-06,1.398130607,3.400000432,0.50385076,80.68055556,49.44814815,109.4314815,52.84814815,61.1212963,79.26851852,72.74166667,46.80946859,66.00014867,82.71
95,2014-11-07,1.379068937,3.944186698,0.536132725,81.14418605,49.03023256,111.2790698,52.9744186,61.05116279,79.76511628,73.35348837,50.08647335,66.91207607,86.07534884
96,2014-11-09,1.129032015,2.080645713,0.551458147,85.62615385,51.10461538,113.9769231,53.33692308,60.87076923,84.41538462,78.01384615,45.00575829,70.82116725,82.68523077
97,2014-11-10,1.154205475,2.603704306,0.56691929,85.43333333,50.5537037,114.6824074,53.15740741,60.58703704,84.26018519,78.29259259,49.11695559,73.12249422,84.34833333
98,2014-11-11,1.272000279,2.911881508,0.577942065,86.46534653,50.26633663,116.3049505,53.17821782,60.98415842,85.18019802,78.91287129,48.56817098,72.39748397,84.05386139
99,2014-11-12,1.406604051,2.841509692,0.542478769,85.5745283,50.41226415,114.7745283,53.25377358,61.63113208,84.16792453,77.5745283,47.97227773,71.52144138,80.14490566
100,2014-11-13,2.09677419,2.906451555,0.501249321,88.44516129,51.88709677,117.4064516,54.79354839,64.20967742,86.3483871,77.98387097,49.00361258,71.06539071,76.82
101,2014-11-17,1.615941578,3.334782543,0.504490809,82.91014493,49.94637681,111.9057971,53.28115942,62.03768116,81.2942029,74.28405797,46.5241897,67.2228897,77.04695652
102,2014-11-18,1.535779887,3.38165186,0.54207246,84.81376147,49.83394495,115.0082569,53.21559633,61.8266055,83.27798165,76.28348624,47.87243288,69.74445966,80.48275229
103,2014-11-19,1.461468117,3.349541688,0.533396446,83.35137615,49.82477064,112.8293578,53.17431193,61.35504587,81.88990826,75.11834862,47.55650728,68.51411839,79.85027523
104,2014-11-20,1.452293383,3.280555776,0.525149338,82.78807339,49.91192661,112.1688073,53.22385321,61.37706422,81.33577982,74.53853211,48.30574319,68.27408977,80.21357798
105,2014-11-21,1.472092723,4.281395851,0.546754685,82.27906977,48.78139535,112.8511628,53.0627907,61.19302326,80.80697674,73.89069767,46.62780772,66.47380692,83.78139535
106,2014-11-24,1.461176521,2.608235301,0.492350928,82.40697674,50.79418605,110.4465116,53.43837209,61.57325581,80.91976744,73.91511628,47.87875093,67.10215242,78.43581395
107,2014-11-25,1.446666537,3.456075195,0.498405809,80.59158879,49.81495327,108.6953271,53.27102804,61.0682243,79.11028037,72.35233645,47.94882624,65.80269241,77.65775701
108,2014-11-26,1.414151036,3.277778311,0.50108476,80.45185185,49.83518519,108.2555556,53.11296296,60.94166667,79.00555556,72.42314815,47.95771119,65.9386339,78.85333333
109,2014-11-27,1.825926237,4.484259228,0.512098927,82.69907407,49.21296296,112.1824074,53.69722222,62.49074074,80.87314815,73.06574074,49.6708296,66.53407155,77.645
110,2014-11-28,1.937208851,6.25116266,0.515364198,82.69767442,48.31162791,113.1651163,54.5627907,63.41395349,80.76046512,72.57674419,48.61747707,65.22352265,78.63255814
111,2014-11-30,2.115624669,4.43593742,0.458748294,80.11875,49.36875,108.3734375,53.8046875,63.309375,78.003125,69.81875,47.91792583,61.83173733,77.1884375
112,2014-12-01,1.60625064,2.815625003,0.479383098,81.6203125,50.471875,109.3234375,53.2875,61.8109375,80.0140625,73.05,46.69828889,65.37711498,80.31875
113,2014-12-02,1.579611996,2.661290492,0.493492775,81.9223301,50.17475728,109.5805825,53.32912621,61.32912621,80.34271845,73.66990291,48.42507797,67.40533531,79.93592233
114,2014-12-03,2.268224697,2.33925244,0.445039557,80.64392523,50.80934579,107.0728972,53.14859813,62.15140187,78.37570093,70.99345794,46.31016643,63.03203066,79.23401869
115,2014-12-04,2.051163426,2.84651157,0.454565133,80.35116279,49.91860465,107.4302326,52.76511628,61.11627907,78.3,71.40930233,45.80746758,63.50383346,81.80139535
116,2014-12-07,2.028124686,2.190625303,0.525519576,87.68030303,51.17272727,117.269697,53.4469697,62.2969697,85.56666667,78.28333333,47.68965512,71.09433773,80.96272727
117,2014-12-08,2.041860353,2.918604467,0.548688602,87.25116279,50.10465116,118.044186,53.02325581,61.95116279,85.20930233,78.01860465,49.83700816,71.86777997,86.20093023
118,2014-12-09,2.142424036,2.269697014,0.527781889,88.26212121,51.07121212,118.0287879,53.34090909,62.30151515,86.11969697,78.85151515,48.72637036,72.23301448,81.21636364
119,2014-12-10,2.06330311,2.50275256,0.538525853,87.75412844,50.61100917,118.0055046,53.11376147,62.1,85.69082569,78.57981651,50.13047214,72.71152487,83.83834862
120,2014-12-11,1.989908536,2.442202045,0.521111569,85.96513761,50.74311927,115.3330275,53.1853211,61.70917431,83.97522936,77.15688073,48.98465181,71.19118101,82.30256881
121,2014-12-12,1.876744281,2.730233033,0.533416024,85.05116279,50.19534884,114.7976744,52.9255814,60.99069767,83.1744186,76.85581395,49.57697423,71.29175406,83.68093023
122,2014-12-14,2.063792788,2.086207093,0.515709663,86.98793103,51.23793103,115.437931,53.32413793,62.33793103,84.92413793,77.57931034,50.06394776,71.48638769,79.67827586
123,2014-12-15,2.055659882,2.140566262,0.505713508,86.13773585,51.18773585,114.8367925,53.32830189,61.9490566,84.08207547,77.32735849,47.83948681,70.52103573,81.67150943
124,2014-12-16,1.870369884,2.201851947,0.517974596,84.68148148,50.68148148,113.0324074,52.88333333,61.24907407,82.81111111,76.19537037,48.10512987,69.83597602,80.87166667
125,2014-12-17,1.573148163,1.837963137,0.490357858,81.18148148,50.52407407,107.0824074,52.36203704,59.53240741,79.60833333,73.99537037,47.17226266,68.1350272,78.39333333
126,2014-12-18,2.387963602,2.509259056,0.49613525,88.29537037,52.10648148,116.437037,54.61574074,63.59907407,85.90740741,77.3,47.21777856,68.81212837,78.12166667
127,2014-12-19,1.658139263,1.955814088,0.508131858,82.92093023,51.0372093,109.9325581,52.99302326,60.43953488,81.2627907,75.43255814,50.00015719,70.56793848,83.05302326
128,2014-12-21,1.604687214,1.792307695,0.479841241,81.24615385,50.60923077,106.8676923,52.40153846,59.71230769,79.61538462,73.86461538,47.52159745,68.06107145,76.52646154
129,2014-12-22,1.588297266,1.821276522,0.490082377,81.39042553,50.7212766,107.3723404,52.54255319,59.83723404,79.80212766,74.08191489,48.3239966,68.33281452,79.50851064
130,2014-12-23,1.601219085,1.893902566,0.483156582,81.21829268,50.89512195,106.25,52.78902439,60.1304878,79.61707317,73.72560976,47.72188526,67.65621289,79.28073171
131,2014-12-24,1.558139014,1.793024181,0.496090534,82.16511628,51.12325581,108.7023256,52.91627907,60.31395349,80.60697674,74.73255814,48.74865714,68.89720992,83.33348837
132,2014-12-25,2.52799957,2.460000144,0.445274969,81.956,51.472,107.404,53.932,63.236,79.428,71.18,41.66884332,59.78232766,75.0128
133,2014-12-28,1.531746403,1.795385158,0.541952782,85.93538462,51.43076923,113.6046154,53.22615385,60.82769231,84.34,78.26307692,44.3837032,70.0124252,80.58061538
134,2014-12-29,1.661111284,1.938889218,0.511812207,83.57777778,51.0037037,111.1564815,52.94259259,60.73888889,81.91666667,75.76574074,48.47823466,69.72374598,82.79
135,2014-12-30,1.701869651,1.975000235,0.524794637,84.82592593,51.13611111,113.087963,53.11111111,61.0537037,83.10740741,76.71666667,48.54818369,71.03477263,82.14666667
136,2014-12-31,1.62336447,1.919444401,0.515718171,83.97407407,51.11203704,111.462963,53.03148148,60.68981481,82.33425926,76.26574074,48.79102695,70.77149782,81.93666667
137,2015-01-01,1.656337907,2.029577385,0.498310902,82.28873239,50.58309859,108.6450704,52.61267606,60.16338028,80.63239437,74.63661972,46.85652335,68.37536805,80.97014085
138,2015-01-02,1.92558146,2.055813809,0.469261795,81.2627907,50.20232558,107.2674419,52.25813953,60.83255814,79.3372093,72.72790698,49.3895726,67.07714887,84.72744186
139,2015-01-04,1.568518178,1.836363569,0.490984967,82.16,50.96545455,107.9527273,52.80181818,60.20363636,80.56181818,74.54363636,47.88704285,68.84461102,78.72145455
140,2015-01-05,1.639130739,1.976811446,0.474242851,80.88857143,50.65285714,105.5614286,52.66285714,60.07142857,79.21714286,73.23428571,48.03712137,67.2163944,83.18171429
141,2015-01-06,1.875308006,2.118518452,0.485650904,82.69512195,50.63658537,108.5060976,52.78170732,60.94512195,80.79146341,74.33902439,47.7324566,68.10644511,82.00268293
142,2015-01-07,1.78240719,2.044444508,0.484558559,82.30185185,50.43981481,108.5453704,52.48425926,60.26759259,80.51944444,74.175,47.00348631,67.86399938,80.82
143,2015-01-08,1.535483413,1.919149118,0.486247039,81.22021277,50.64361702,106.7074468,52.56276596,59.72021277,79.66702128,74.01702128,47.9909007,68.24310503,81.57276596
144,2015-01-09,1.467441642,1.797674226,0.474355424,80.10930233,50.69767442,105.2790698,52.49534884,59.34418605,78.64186047,73.30697674,48.10844181,67.77939631,84.23767442
145,2015-01-18,2.421538139,2.466153775,0.481948439,86.00923077,51.22,113.6676923,53.68615385,63.81692308,83.58769231,75.40923077,46.92422625,67.33327828,77.89446154
146,2015-01-19,2.029703126,2.297029626,0.493741842,84.34554455,51.00693069,111.1564356,53.3039604,62.10792079,82.31584158,75.37227723,46.45468031,67.42947615,79.66435644
147,2015-01-20,1.94742269,2.142268032,0.521226133,86.08556701,51.17525773,113.8309278,53.31752577,61.8185567,84.13814433,77.22164948,42.94821923,67.71277738,81.13814433
148,2015-01-21,2.193137522,2.369607703,0.485447914,84.11176471,50.8745098,111.3343137,53.24411765,62.58627451,81.91862745,74.54411765,44.40055595,65.21527628,80.62470588
149,2015-01-22,2.568687119,2.68181829,0.456713132,84.1040404,50.76262626,111.2050505,53.44444444,63.99494949,81.53535354,73.18080808,47.37283725,64.67246729,80.48363636
150,2015-01-23,2.337208237,2.706976698,0.490818942,86.06046512,51.0372093,114.4930233,53.74418605,63.56744186,83.72325581,75.20232558,45.45808321,65.69203037,83.3627907
151,2015-01-26,2.061017305,2.294915212,0.456541362,81.69152542,50.95254237,107.7966102,53.24745763,61.95084746,79.63050847,72.45084746,44.06718498,63.47669647,75.77355932
152,2015-01-27,2.284848298,2.607575905,0.447684322,80.96515152,50.76060606,107.4409091,53.36818182,62.40757576,78.68030303,70.94848485,45.88536124,62.76126208,79.28545455
153,2015-02-02,2.455172305,2.575861891,0.473617004,84.22241379,50.3362069,111.4258621,52.91206897,63.06896552,81.76724138,73.95689655,43.80108793,63.25008133,75.58172414
154,2015-02-03,2.233645207,2.427102772,0.468877127,83.19719626,50.72149533,110.3990654,53.14859813,62.55607477,80.9635514,73.69252336,43.88570809,63.65523296,78.46186916
155,2015-02-04,2.398958361,2.711458207,0.473183919,84.184375,50.77708333,111.584375,53.48854167,63.03854167,81.78541667,73.92916667,45.34951319,65.03753647,80.410625
156,2015-02-05,1.926415357,2.150943143,0.474120793,82.66981132,50.90283019,109.4358491,53.05377358,61.69056604,80.74339623,74.26509434,44.88194109,66.32545474,82.04679245
157,2015-02-06,1.884848162,2.187879267,0.460849099,80.58181818,50.78787879,106.969697,52.97575758,60.98787879,78.6969697,72.26969697,44.95805767,64.23106062,86.81818182
158,2015-02-08,2.164615102,2.366153477,0.46782533,83.26769231,51.17076923,110.5292308,53.53692308,62.74769231,81.10307692,73.80615385,45.29190329,65.35235546,78.85261538
159,2015-02-09,2.052777325,2.378703891,0.460460422,81.15648148,50.68981481,108.3462963,53.06851852,62.03055556,79.1037037,72.14907407,45.36425641,63.92996133,79.51833333
160,2015-02-10,2.028703826,2.404629843,0.449265559,80.22962963,50.67592593,106.8898148,53.08055556,61.9787037,78.20092593,71.34259259,44.67036769,62.8492008,80.03
161,2015-02-11,1.83271056,2.264486257,0.480657866,81.99065421,50.8046729,109.4504673,53.06915888,61.52990654,80.15794393,73.67102804,45.6913455,66.19497309,82.12915888
162,2015-02-12,1.918691698,2.250467066,0.482536077,83.20841121,50.96915888,110.8420561,53.21962617,62.06542056,81.28971963,74.39158879,45.88856173,66.65745486,83.08803738
163,2015-02-13,1.711627349,2.260465316,0.487935804,81.23488372,50.67209302,109.4116279,52.93255814,61.18372093,79.52325581,73.31395349,45.88648847,65.85593205,88.39860465
164,2015-02-15,1.889230335,2.212308086,0.475300755,82.37076923,51.17230769,110.0569231,53.38461538,62.18153846,80.48153846,73.67076923,44.74854358,65.13632248,82.94276923
165,2015-02-16,1.87129592,2.2509257,0.499645253,83.66111111,50.825,112.262963,53.07592593,61.93333333,81.78981481,74.95925926,45.38509581,66.96059803,85.705
166,2015-02-17,1.762963047,2.249073947,0.479673448,81.5962963,50.81851852,109.462963,53.06759259,61.49722222,79.83333333,73.34537037,45.21679383,65.52340313,85.69
167,2015-02-18,1.931707696,2.456097766,0.49067176,83.06097561,50.8097561,111.5878049,53.26585366,62.13414634,81.12926829,74.17073171,45.87206565,66.2769361,85.82
168,2015-02-22,1.945312256,2.199999755,0.418948083,77.0625,50.81875,103.00625,53.01875,61.415625,75.1171875,68.803125,41.16869997,58.55427191,80.7434375
169,2015-02-23,2.102777757,2.505555718,0.427477726,78.13425926,50.49166667,104.9731481,52.99722222,62.09074074,76.03148148,69.03611111,42.82026244,58.99769202,83.87666667
170,2015-02-24,2.068224036,2.443925274,0.436540937,78.56261682,50.73551402,105.3859813,53.17943925,62.13271028,76.49439252,69.61682243,43.4986237,60.16895677,83.94093458
171,2015-02-25,1.79814903,2.25092577,0.488388728,81.92314815,50.76018519,109.75,53.01111111,61.60740741,80.125,73.67962963,44.95781385,65.50722216,85.47833333
172,2015-02-26,1.806542357,2.252336409,0.499368287,83.10280374,50.73738318,111.2345794,52.98971963,61.44205607,81.29626168,74.90841121,45.41696428,67.38765662,86.38523364
173,2015-02-27,1.758139326,2.362790835,0.513394433,84.33953488,50.58372093,113.7930233,52.94651163,61.70232558,82.58139535,76.01860465,45.32685019,67.73156726,90.28232558
174,2015-03-01,2.112307735,2.501538429,0.526911595,89.18461538,51.19538462,118.3538462,53.69692308,63.38769231,87.07230769,79.25076923,47.20567982,71.42263454,84.80923077
175,2015-03-02,1.967543874,2.451754513,0.528975596,87.62105263,50.8377193,117.0377193,53.28947368,62.85087719,85.65350877,78.23421053,47.41992624,70.59208591,87.43842105
176,2015-03-03,2.025438272,2.459649231,0.528981044,88.16491228,50.79824561,117.5842105,53.25789474,63.00175439,86.13947368,78.56666667,47.71460582,71.02990203,88.17578947
177,2015-03-04,1.951754578,2.379824418,0.535668494,88.14912281,50.81052632,117.7833333,53.19035088,62.69561404,86.19736842,78.8245614,47.67326559,71.56483991,85.92105263
178,2015-03-05,1.828571998,2.367347404,0.540117517,86.43673469,50.55510204,116.4102041,52.92244898,62.05102041,84.60816327,77.73877551,47.59297847,70.44853423,92.08326531
179,2015-03-09,2.128301517,2.494339919,0.500677582,86.56792453,51.39056604,114.9264151,53.88490566,63.13962264,84.43962264,76.77735849,47.67182466,69.2885119,83.09962264
180,2015-03-10,1.888073068,2.2568807,0.474670306,82.01651376,50.75045872,109.0844037,53.00733945,61.73211009,80.12844037,73.46422018,45.34321758,65.15496114,86.24440367
181,2015-03-11,2.043859513,2.495614432,0.500593391,85.04561404,50.63947368,113.922807,53.13508772,62.83684211,83.00175439,75.69122807,45.25235527,66.64225122,86.27
182,2015-03-12,2.021929618,2.471052768,0.508096161,85.54736842,50.69649123,114.5815789,53.16754386,62.8122807,83.5254386,76.22894737,46.42090728,67.81321528,86.38526316
183,2015-03-13,2.032786761,2.575410369,0.505631355,84.96065574,50.33770492,114.2229508,52.91311475,62.85081967,82.92786885,75.59344262,46.8369951,66.92853994,92.87245902
184,2015-03-16,1.699999689,2.071698104,0.535494317,87.03773585,51.66415094,115.7037736,53.73584906,61.93207547,85.33773585,78.60377358,47.43035281,71.64164297,86.91018868
185,2015-03-17,1.558036326,2.142105604,0.524787442,84.8122807,51.14210526,112.9289474,53.28421053,61.03508772,83.22192982,76.97894737,47.22069911,70.46380233,91.04157895
186,2015-03-18,1.7478262,2.260215019,0.506800633,84.70430108,51.52043011,111.9462366,53.78064516,61.71290323,82.93548387,76.01075269,48.21673627,69.80058471,92.11032258
187,2015-03-19,1.96415063,2.33396263,0.4918878,84.30566038,51.23396226,111.9339623,53.56792453,63.34150943,82.34150943,74.99811321,48.10981649,68.06835867,87.29396226
188,2015-03-20,2.280327728,2.957377272,0.483524223,84.80491803,49.97704918,113.595082,52.93442623,64.25245902,82.52459016,73.92295082,45.04204189,62.7365382,96.24819672
189,2015-03-22,1.992453087,2.509434187,0.535472441,90.48490566,52.66792453,119.5641509,55.17735849,64.53962264,88.49245283,80.27169811,49.02649481,73.33385737,89.17886792
190,2015-03-23,1.785964771,2.257894997,0.543138497,87.21578947,50.9745614,116.8745614,53.23245614,62.89649123,85.42982456,78.28421053,47.51521873,70.69066698,93.55526316
191,2015-03-24,1.797368437,2.321929672,0.549241251,87.73947368,51.05701754,117.1991228,53.37894737,63,85.94210526,78.79824561,47.54560767,71.22371861,94.09210526
192,2015-03-25,1.917544384,2.467543958,0.536082926,87.80087719,51.06052632,117.1087719,53.52807018,63.20964912,85.88333333,78.31491228,47.69258738,70.60201301,93.71
193,2015-03-26,1.886885344,2.385245964,0.530735819,86.58064516,51.67580645,113.5080645,54.1016129,63.7,84.65645161,77.41129032,45.92603656,69.13836697,92.58451613
194,2015-03-27,1.626228726,2.003278511,0.535456734,85.01803279,50.86557377,113.4311475,52.86885246,62.2557377,83.39180328,77.16393443,44.8997281,68.74268832,94.58098361
195,2015-03-29,1.835849532,2.328301981,0.55836988,89.63396226,52.42264151,118.4735849,54.7509434,64.16792453,87.79811321,80.44528302,45.28986979,73.13033449,90.10943396
196,2015-03-30,1.579645808,2.100877317,0.563914142,87.72982456,51.35263158,116.6473684,53.45350877,63.04210526,86.13596491,79.7754386,43.74398871,71.83404219,93.29
197,2015-03-31,1.751754949,2.649123174,0.569900814,89.30877193,50.74824561,119.4868421,53.39736842,62.44912281,87.55701754,80.86842105,47.1519945,73.98177295,94.55631579
198,2015-04-01,1.834209911,2.682456302,0.571436441,89.78333333,50.78508772,120.4657895,53.46754386,62.31315789,87.94912281,80.92280702,46.03150856,73.71814493,92.52105263
199,2015-04-02,1.877778226,2.853703959,0.58188442,89.56296296,50.19814815,120.8444444,53.05185185,61.88148148,87.68518519,80.66111111,47.35932794,73.2305504,95.75666667
200,2015-04-05,2.021276921,2.393616694,0.55543535,93.75,54.375,123.4645833,56.83958333,66.35,91.68125,83.87708333,45.54563183,75.24508348,94.59125
201,2015-04-06,1.664034663,2.357017584,0.596333988,90.82807018,50.98245614,121.577193,53.33947368,62.13245614,89.16403509,82.75175439,45.58035716,74.77274999,97.37157895
202,2015-04-07,1.596396434,2.386607101,0.583394581,89.66696429,51.05625,119.5053571,53.44285714,62.19017857,88.04732143,81.94196429,45.03796337,73.81027286,94.74125
203,2015-04-08,1.600000101,2.193457918,0.576686753,89.86542056,51.15794393,119.6682243,53.35140187,62.27570093,88.26542056,81.90560748,46.03008333,74.37195376,94.84018692
204,2015-04-09,1.694737316,2.128421456,0.570626929,90.46842105,51.53368421,120.5178947,53.66210526,62.35473684,88.77368421,82.10842105,44.37510517,73.18191818,94.09810526
205,2015-04-10,1.354761574,2.528570998,0.593842127,88.24047619,50.44047619,117.5119048,52.96904762,61.1452381,86.88571429,81.50714286,44.41290921,73.58104241,98.31714286
206,2015-04-12,1.985106128,2.434041774,0.56631281,89.52553191,48.68085106,119.4297872,51.11489362,61.85744681,87.54042553,80.06170213,45.29696049,73.36574926,83.90893617
207,2015-04-13,1.733981239,2.402912583,0.550255532,87.46116505,50.76019417,116.8932039,53.1631068,61.72621359,85.72718447,79.33786408,46.91471848,72.75811402,85.86718447
208,2015-04-14,1.606930814,2.278431346,0.530317029,86.15392157,50.86176471,114.6019608,53.14019608,61.94117647,84.52941176,78.50196078,47.66192472,72.58300305,89.52058824
209,2015-04-15,1.726000682,2.108000256,0.539641274,87.84,51.084,116.722,53.192,61.816,86.114,79.812,47.59402254,74.07180651,88.7612
210,2015-04-16,1.948245804,2.825438681,0.559462584,89.33508772,50.33245614,119.7850877,53.15789474,62.24210526,87.38684211,80.22982456,45.77665755,71.97408082,89.38052632
211,2015-04-19,2.003030264,2.433333073,0.575727045,94.72727273,53.47272727,123.6909091,55.90606061,64.76060606,92.72424242,84.94848485,42.618107,74.39380482,89.26181818
212,2015-04-20,1.784210396,2.393860005,0.585659778,91.15789474,50.81052632,122.3973684,53.20438596,61.5877193,89.37368421,82.44824561,45.86793854,74.13016803,95.13736842
213,2015-04-21,1.867543461,2.724561662,0.594301998,92.00526316,50.55877193,123.9026316,53.28333333,61.91929825,90.1377193,82.87807018,46.98700071,74.71662757,94.02263158
214,2015-04-22,1.920588764,2.789215996,0.589121803,91.93921569,50.53137255,123.7215686,53.32058824,62.10392157,90.01862745,82.55784314,48.46990631,75.52641849,92.99352941
215,2015-04-23,1.815094581,2.198113645,0.552660816,89.25660377,51.09056604,119.3320755,53.28867925,61.73962264,87.44150943,80.67735849,47.6676966,74.2662534,89.03622642
216,2015-04-24,1.604917946,2.836065816,0.590022096,88.87868852,50.0852459,119.9983607,52.92131148,61.37377049,87.27377049,81.02131148,47.26804767,74.2757044,94.74032787
217,2015-04-26,1.762000892,2.179591747,0.540363215,88.106,51.474,116.65,53.708,62.942,86.344,79.746,47.1222309,73.84115214,90.9536
218,2015-04-27,1.798462268,2.196923418,0.549284775,89.14769231,51.17384615,118.9661538,53.37076923,62.33384615,87.34923077,80.54461538,47.97060288,74.20467593,93.06430769
219,2015-04-28,1.891836605,2.840404388,0.571403631,89.86464646,50.83131313,120.0121212,53.67171717,62.48989899,87.93636364,80.84040404,49.50317712,73.8255602,95.61454545
220,2015-04-29,1.778947599,2.414912341,0.564969566,89.42894737,50.75438596,120.1675439,53.16929825,61.92807018,87.65,80.87192982,49.36135575,74.44867698,93.26947368
221,2015-04-30,1.648214623,2.878571707,0.58587525,88.32321429,50.0625,119.5267857,52.94107143,61.8,86.675,80.30892857,48.79818732,73.97019214,97.54892857
222,2015-05-03,1.950000465,2.366037698,0.560369234,91.99433962,52.14150943,122.6018868,54.50754717,63.44716981,90.00188679,82.50377358,47.01547091,75.50338412,85.80981132
223,2015-05-04,1.84649069,2.662280843,0.580008892,90.45087719,50.53508772,121.8149123,53.19736842,61.71842105,88.60438596,81.59035088,48.8154021,75.52944393,94.01947368
224,2015-05-05,1.778947402,2.632456558,0.581554804,89.79824561,50.55789474,120.9754386,53.19035088,61.82192982,88.01929825,81.24824561,48.81879204,74.9188385,92.79894737
225,2015-05-06,1.771428438,2.772619285,0.575775332,89.0452381,50.43571429,119.9821429,53.20833333,61.80714286,87.27380952,80.58928571,48.3281389,74.44079073,92.64285714
226,2015-05-11,1.861702619,2.27500026,0.532919067,88.57291667,51.49375,116.8833333,53.76875,61.95625,86.66875,79.80625,48.22213377,73.44092791,85.71125
227,2015-05-12,1.650459143,2.109999914,0.534411182,87.96090909,51.26181818,116.2618182,53.37181818,61.88090909,86.29454545,80.06727273,48.24614169,74.17906639,88.646
228,2015-05-13,1.637499331,2.566964254,0.556811825,87.55535714,50.50357143,116.7883929,53.07053571,61.55178571,85.91785714,79.78928571,48.94287304,74.44560979,84.99232143
229,2015-05-14,1.889999005,2.21499977,0.552774723,90.375,51.805,119.195,54.02,62.83,88.485,81.56,47.80845065,76.06104899,84.884
230,2015-05-17,2.213332633,2.613332627,0.524268567,90.73333333,53.17333333,118.22,55.78666667,65.3,88.52,80.70666667,45.24924067,75.52971848,85.808
231,2015-05-21,2.067568191,2.482432443,0.577846395,94.41216216,52.55810811,124.1864865,55.04054054,63.55,92.34459459,84.51621622,47.81765065,76.67914445,92.63081081
232,2015-05-22,1.886486773,2.370270695,0.620550116,94.88108108,50.95675676,127.1081081,53.32702703,62.01351351,92.99459459,85.53243243,47.69435562,77.26480617,95.50594595
233,2015-05-24,2.005768544,2.34528366,0.578436152,92.96415094,51.47924528,123.7283019,53.8245283,62.65660377,90.90566038,83.46037736,44.76699438,75.33494491,89.15169811
234,2015-05-25,1.879411434,2.612745215,0.593821933,91.59607843,50.67941176,123.1627451,53.29215686,62.14607843,89.71666667,82.65196078,45.67145502,74.72566869,92.07235294
235,2015-05-26,1.867646381,2.604902191,0.607799926,92.75392157,50.67254902,124.7921569,53.27745098,62.05392157,90.88627451,83.79803922,45.02724714,75.25209294,92.05647059
236,2015-05-27,1.846666468,2.885000417,0.601207612,91.245,50.46166667,122.82,53.34666667,61.86,89.39833333,82.53666667,43.6635006,73.54803539,88.022
237,2015-05-28,1.93095236,2.256097378,0.57517045,91.81666667,51.80952381,121.8119048,54.12380952,62.93571429,89.88571429,83.05952381,45.8315839,75.88594357,84.86
238,2015-05-29,1.693878182,2.177551506,0.617570082,93.18979592,50.73673469,125.3714286,52.91428571,62.26938776,91.49591837,84.83061224,46.08814953,76.76604434,93.4755102
239,2015-05-31,1.978846038,2.284615148,0.523659299,88.47884615,51.42884615,116.9942308,53.71346154,63.20384615,86.5,79.53461538,47.92736942,74.16518228,86.40846154
240,2015-06-01,2.272549633,3.140196067,0.554275337,92.08529412,51.21568627,122.9196078,54.35588235,63.44019608,89.8127451,81.57941176,48.27211039,74.27788995,87.57764706
241,2015-06-02,2.02058822,2.917647109,0.562991113,91.12058824,51.35686275,121.7166667,54.2745098,63.21764706,89.1,81.68431373,48.37237424,75.63964068,87.68352941
242,2015-06-03,1.851351666,2.778378505,0.581768386,90.17972973,50.82162162,120.7837838,53.6,63.12972973,88.32837838,81.51351351,48.40776284,75.41352624,91.71621622
243,2015-06-04,2.281132821,2.684905432,0.539113046,93.32075472,52.63207547,123.5584906,55.31698113,64.00566038,91.03962264,82.76226415,51.68701751,77.40141752,90.62226415
244,2015-06-07,1.890565409,2.281131679,0.571120041,91.69811321,51.72641509,121.9528302,54.00754717,62.71698113,89.80754717,82.76792453,46.74225413,75.62337929,88.83245283
245,2015-06-08,1.687254528,2.506863233,0.588469761,90.33823529,50.6745098,121.2617647,53.18137255,62.30392157,88.65098039,82.25882353,46.97235238,75.14348034,90.65176471
246,2015-06-09,1.77159137,2.299999913,0.573564049,90.98666667,51.42333333,120.9444444,53.72333333,62.49111111,89.16444444,82.50222222,46.67824109,75.15379856,90.202
247,2015-06-10,2.009804223,2.752941435,0.580461949,92.22254902,51.07647059,123.5490196,53.82941176,62.65882353,90.2127451,82.81372549,47.16202678,75.34641622,90.18411765
248,2015-06-11,2.199020008,3.044117569,0.555976069,92.08137255,51.46862745,122.9196078,54.5127451,63.00588235,89.88235294,81.85392157,49.09088231,74.56789792,87.43647059
249,2015-06-12,2.238775292,3.681633306,0.582741823,92.7122449,50.14285714,124.6938776,53.8244898,62.55714286,90.47346939,82.15918367,48.98485739,74.61546561,90.41183673
250,2015-06-14,2.399999031,2.773076729,0.529620487,92.36153846,51.93653846,122.2076923,54.70961538,63.51346154,89.96153846,81.43269231,46.30192971,73.02190657,83.55615385
251,2015-06-15,2.247058942,3.035294247,0.553980483,91.63921569,50.81666667,122.4901961,53.85196078,62.79901961,89.39215686,81.23039216,47.08325229,73.45717638,85.08588235
252,2015-06-16,2.168627573,2.958824076,0.545616098,90.4245098,50.81470588,121.0588235,53.77352941,63.31862745,88.25588235,80.21960784,47.19337286,72.81436068,83.39352941
253,2015-06-17,2.374000326,3.407999848,0.529823194,92.04,52.75,121.984,56.158,64.628,89.666,80.619,47.85842783,72.6262216,82.724
254,2015-06-18,2.512871696,3.532673311,0.518473274,92.05544554,53.01089109,121.8366337,56.54356436,65.03663366,89.54257426,80.25544554,47.1565107,72.61535783,79.56633663
255,2015-06-19,2.465306492,4.140816043,0.537597916,92.84489796,53.13061224,123.3408163,57.27142857,65.44285714,90.37959184,81.0122449,47.92519173,73.86116261,81.47428571
256,2015-06-21,2.281132094,2.63018857,0.555224725,93.99433962,52.33584906,124.4773585,54.96603774,63.86981132,91.71320755,83.24716981,45.21323577,74.10614795,80.68830189
257,2015-06-22,2.1612913,3.370967626,0.578709428,93.9483871,52.00967742,125.6258065,55.38064516,63.90967742,91.78709677,83.30645161,46.900748,74.60452348,84.3916129
258,2015-07-01,2.103999648,2.524000244,0.547114293,91.616,51.836,121.36,54.36,62.932,89.512,81.64,45.29698012,74.20828136,82.4
259,2015-07-02,2.229069819,2.830232214,0.565674477,93.31976744,51.52790698,124.2104651,54.35813953,63.25232558,91.09069767,82.65813953,45.07274736,73.90577421,87.61162791
260,2015-07-03,2.316666396,3.260784222,0.542221893,91.87941176,51.97843137,122.3539216,55.23921569,63.75196078,89.5627451,80.78627451,47.33874906,73.68381414,86.53647059
261,2015-07-06,2.283168604,3.13069308,0.527465978,89.9009901,51.37722772,119.8950495,54.50792079,63.85445545,87.61782178,79.13366337,47.41854784,71.75564539,86.0819802
262,2015-07-07,1.811267159,2.301408418,0.516181142,87.02222222,51.18333333,114.5902778,53.51944444,63.22777778,85.175,78.49305556,46.70895043,71.6490445,84.3375
263,2015-07-08,1.758823399,2.567646963,0.545313536,87.76666667,50.60980392,117.4176471,53.17745098,63.44411765,86.00784314,79.45784314,47.02881736,73.31029308,82.7
264,2015-07-09,1.723529822,2.555882394,0.563852056,88.49705882,50.55784314,118.6823529,53.11372549,63.31568627,86.77352941,80.29803922,45.32994174,73.03924488,82.64882353
265,2015-07-10,1.664934923,2.141558164,0.540532451,88.08831169,51.23766234,115.9350649,53.37922078,62.68311688,86.42337662,80.14285714,45.30642756,73.49739033,79.90103896
266,2015-07-13,1.78958338,2.460824826,0.550182532,88.89793814,51.03505155,118.3865979,53.49587629,63.6443299,87.0814433,80.32061856,45.72318272,73.53237118,87.72206186
267,2015-07-14,1.786458419,2.320833245,0.554046451,89.39583333,51.09895833,119.021875,53.41979167,63.58854167,87.609375,80.85208333,45.11094278,73.93950101,88.060625
268,2015-07-15,1.783495117,2.637864307,0.568172983,89.25825243,50.5776699,119.6359223,53.21553398,63.74271845,87.47475728,80.78640777,43.94219185,73.067125,80.14912621
269,2015-07-16,1.795145796,2.609708874,0.586064589,90.52524272,50.6407767,121.5582524,53.25048544,63.81941748,88.73009709,81.93980583,42.43509873,73.01338597,85.3568932
270,2015-07-17,1.74563066,2.58834976,0.569026657,89.14466019,50.59029126,119.6330097,53.17864078,63.6368932,87.39902913,80.78737864,44.79786693,73.29738899,83.69669903
271,2015-07-20,1.667999966,2.552475311,0.550913854,87.47821782,50.58712871,116.5584158,53.13960396,63.0970297,85.78217822,79.61584158,44.61625893,72.98216759,81.06871287
272,2015-07-21,1.855101918,2.575510373,0.560169895,89.00102041,50.8377551,119.0153061,53.41326531,63.69183673,87.14591837,80.38877551,45.81645645,73.99458359,82.31734694
273,2015-07-22,1.855263458,2.243421007,0.562213986,90.39350649,51.27272727,120.0532468,53.55194805,63.01558442,88.48831169,81.41948052,44.45495769,74.40513129,83.64363636
274,2015-07-23,1.780263105,2.427631579,0.541018205,88.01842105,50.91052632,117.0092105,53.33815789,63.10657895,86.23815789,79.60131579,47.49635358,73.46793939,82.70789474
275,2015-07-27,1.582178929,2.533333195,0.578995102,88.7245098,50.64901961,118.3215686,53.18235294,60.93235294,87.11666667,81.01176471,42.76774885,73.19115096,80.85235294
276,2015-07-28,1.558241874,2.259340388,0.566846095,88.83076923,50.78351648,118.0571429,53.04285714,61.14175824,87.27252747,81.28901099,41.70979123,72.60677713,84.53626374
277,2015-07-29,1.475293956,2.274418716,0.520842578,84.93372093,50.64186047,111.6686047,52.91627907,61.90813953,83.43837209,77.80465116,44.91877131,71.32244157,86.77232558
278,2015-07-30,1.529545428,2.24772696,0.520199155,85.00568182,50.76818182,111.7636364,53.01590909,61.84090909,83.47613636,77.90340909,44.16355272,71.696435,85.16136364
279,2015-07-31,1.43069313,2.430392209,0.517642467,84.44117647,50.52647059,110.7686275,52.95686275,61.52058824,82.99313725,77.65686275,45.66976618,72.44016744,84.31294118
280,2015-08-03,1.972277564,2.855445925,0.59676654,93.29306931,50.59207921,125.3029703,53.44752475,62.12376238,91.32079208,83.55445545,43.16849693,73.6801625,85.90019802
281,2015-08-04,2.005455146,2.960909308,0.551564258,88.56818182,50.23727273,119.33,53.19818182,62.20363636,86.56272727,79.04181818,47.87192105,72.21090963,83.71236364
282,2015-08-05,1.956863096,2.884314142,0.537274043,86.85686275,50.1245098,117.1470588,53.00882353,62.14019608,84.9,77.75588235,48.07724321,72.43515763,80.91235294
283,2015-08-10,1.893826989,2.944444257,0.537127757,86.56790123,50.04444444,117.0938272,52.98888889,62.65555556,84.67407407,77.76296296,48.80263338,72.65773571,83.83555556
284,2015-08-11,2.006862264,2.951961022,0.546228447,88.35,50.16372549,119.15,53.11568627,62.53921569,86.34313725,78.83039216,49.44996706,73.46380291,83.18705882
285,2015-08-12,1.948038734,2.873529177,0.542739003,87.6254902,50.24215686,118.0705882,53.11568627,62.75098039,85.67745098,78.48823529,49.03897693,73.18300779,82.00647059
286,2015-08-13,1.88823505,2.46176447,0.538758419,87.23235294,50.66960784,117.145098,53.13137255,62.82156863,85.34411765,78.28823529,48.86544341,72.97984592,82.54117647
287,2015-08-18,1.893332995,2.517142883,0.583274506,91.66571429,50.83619048,122.0666667,53.35333333,63.4952381,89.77238095,82.10380952,49.66309883,76.39456093,91.60742857
288,2015-08-19,1.794285943,2.46476179,0.595326367,92.11047619,51.78285714,122.6114286,54.24761905,63.78285714,90.31619048,83.03333333,51.14879761,78.21627461,92.06171429
289,2015-08-20,1.989583969,2.580208456,0.577064305,91.9,51.2125,122.3229167,53.79270833,63.5,89.91041667,81.9125,49.30630427,75.64993796,91.480625
290,2015-08-21,1.5895236,2.198095373,0.568492217,87.56952381,50.95809524,116.312381,53.15619048,62.57904762,85.98,79.7447619,48.18027076,74.81694863,85.20457143
291,2015-08-24,2.192381278,2.72000017,0.518057973,87.92761905,50.71714286,117.2342857,53.43714286,63.78666667,85.7352381,77.44380952,49.37740469,71.3880081,84.96114286
292,2015-08-25,2.197143117,2.81047622,0.520750715,88.05809524,50.29428571,117.4838095,53.1047619,63.22380952,85.86095238,77.37619048,50.39705582,71.59862819,85.21657143
293,2015-08-26,2.137383573,2.682243207,0.530702617,88.55233645,50.72803738,117.6299065,53.41028037,63.18878505,86.41495327,78.35327103,48.80743493,71.80394564,84.84429907
294,2015-08-31,2.064285902,2.726530313,0.533505189,88.38469388,50.37959184,117.5418367,53.10612245,62.99795918,86.32040816,78.22346939,49.27831432,71.78248453,87.24163265
295,2015-09-01,2.11759284,2.788888648,0.52761976,88.59444444,50.63796296,117.8898148,53.42685185,63.15925926,86.47685185,78.13055556,51.17260454,72.61548198,88.02333333
296,2015-09-02,2.199073935,2.887963013,0.51993527,88.09074074,50.30277778,117.4675926,53.19074074,63.2462963,85.89166667,77.29259259,52.58157585,72.44925743,88.24
297,2015-09-03,1.987037167,2.682407554,0.528064695,87.4712963,50.57592593,116.7296296,53.25833333,62.74537037,85.48425926,77.64444444,53.29158161,73.28979467,90.17666667
298,2015-09-04,2.06551781,2.596551831,0.554088575,90.49310345,50.8137931,119.9103448,53.41034483,62.18965517,88.42758621,80.3862069,52.76182579,75.43976279,93.48551724
299,2015-09-07,1.717925104,2.32990675,0.573201255,89.01588785,51.10654206,119.1,53.4364486,62.57757009,87.27943925,80.36542056,49.50622249,74.87237186,87.58299065
300,2015-09-08,1.477359042,2.106481163,0.540417009,85.06574074,50.91111111,112.7101852,53.01759259,62.04166667,83.55740741,77.81203704,47.92679519,72.76103182,82.425
301,2015-09-09,1.509345716,2.128703966,0.560120538,86.49722222,50.87222222,115.4444444,53.00092593,62.28703704,84.97314815,78.9537037,47.82409589,73.57276625,85.18
302,2015-09-10,1.993877716,2.520408279,0.535233925,88.08265306,50.77040816,116.9714286,53.29081633,62.41836735,86.08877551,78.4244898,50.08227995,72.95919372,82.38163265
303,2015-09-11,1.650467202,2.242592533,0.530386163,85.3037037,50.65185185,112.537963,52.89444444,61.79907407,83.63703704,77.40092593,45.65904532,71.26196505,83.675
304,2015-09-14,2.270690255,2.734483069,0.525241626,89.30517241,50.53793103,118.912069,53.27241379,62.81206897,87.03448276,78.45,51.80570352,72.387576,87.73172414
305,2015-09-15,2.060377938,2.519811312,0.518372071,87.31981132,51.06698113,114.990566,53.58679245,62.76132075,85.25943396,77.51981132,48.04805698,71.09740106,81.54754717
306,2015-09-16,1.721568531,2.171568772,0.54418743,86.88921569,50.9127451,115.2078431,53.08431373,62.52941176,85.16764706,78.65,45.08948667,71.90135824,82.48117647
307,2015-09-18,2.053763111,2.517204451,0.520778856,87.45591398,51.66989247,116.4516129,54.18709677,63.59247312,85.40215054,77.7516129,49.49110058,71.56675385,83.95806452
308,2015-09-21,1.974603548,2.353968179,0.499137446,84.92380952,52.15555556,112.6761905,54.50952381,64.91587302,82.94920635,75.90952381,48.64707978,70.37405266,82.17142857
309,2015-09-22,2.006862931,2.420588287,0.498914141,84.90882353,51.6754902,113.5362745,54.09607843,65.18333333,82.90196078,75.60588235,52.2593204,70.91094961,85.68235294
310,2015-09-23,2.216161627,2.604040583,0.515266212,88.61212121,51.68787879,117.6070707,54.29191919,64.40808081,86.3959596,78.1020202,53.67972673,73.65957645,89.55090909
311,2015-09-24,1.706122578,2.207142893,0.560877231,89.16734694,52.18367347,118.2520408,54.39081633,63.52244898,87.46122449,80.74387755,49.55746299,75.87299631,90.00959184
312,2015-09-28,1.713861688,2.227450994,0.556675118,88.34411765,52.16568627,117.7578431,54.39313725,63.77745098,86.61078431,79.94901961,47.77416655,74.02148556,85.73529412
313,2015-09-29,2.243137424,2.750980305,0.529141974,89.93921569,51.49313725,119.3637255,54.24411765,63.59117647,87.69607843,79.16078431,54.13656169,74.72086153,86.20823529
314,2015-10-05,1.815842139,2.325490212,0.541915751,87.91764706,52.15294118,117.0343137,54.47843137,63.71862745,86.08235294,79.14901961,49.07057011,74.21445925,83.24882353
315,2015-10-06,2.25196135,2.806862742,0.520882113,88.76862745,51.31078431,118.0627451,54.11764706,63.24411765,86.51666667,78.12156863,54.00913168,73.64704836,84.53
316,2015-10-07,2.354902439,2.838235493,0.524111147,89.99215686,51.36960784,119.4843137,54.20784314,63.44705882,87.6372549,78.82058824,54.49655001,74.49836104,86.82588235
317,2015-10-08,2.355881871,2.814706021,0.50828843,89.3,51.97941176,117.8588235,54.79411765,63.62647059,86.94411765,78.14411765,53.38695003,73.63424226,82.42117647
318,2015-10-09,2.373493965,2.785542365,0.518558667,89.87951807,51.86024096,118.8674699,54.64578313,63.5313253,87.5060241,78.71084337,54.17819713,74.27296799,85.03493976
319,2015-10-12,2.362744876,2.931372805,0.526918377,91.60098039,53.06862745,120.8235294,56,64.67254902,89.23823529,80.23039216,52.57094118,75.42081445,83.18176471
320,2015-10-13,1.941177441,2.460784168,0.509949573,86.43431373,51.87352941,114.4715686,54.33431373,63.61078431,84.49313725,77.10392157,53.57195603,73.40037286,87.70294118
321,2015-10-19,2.109649052,2.575438911,0.529808398,87.66140351,51.14561404,117.0745614,53.72105263,63.5877193,85.55175439,77.66578947,52.87247254,73.17699115,86.59526316
322,2015-10-20,1.946902921,2.434513922,0.555240385,87.88584071,50.10973451,118.0460177,52.54424779,62.49557522,85.93893805,78.49911504,51.13316212,73.24987189,87.13734513
323,2015-10-21,2.039473884,2.486842637,0.557581548,88.48859649,49.98947368,118.7096491,52.47631579,62.23157895,86.44912281,78.79298246,50.82801011,73.40095781,87.65
324,2015-10-22,1.782242388,2.285981504,0.517903706,84.63981481,50.30925926,112.5175926,52.62037037,61.76666667,82.83518519,76.09074074,49.84548526,70.80414858,86.85166667
325,2015-10-26,2.02368446,2.494737065,0.52531541,85.6745614,50.07192982,114.8701754,52.56666667,63.17105263,83.65087719,76.21929825,52.33006278,71.52992537,84.92
326,2015-10-27,2.211710891,2.593693918,0.525862392,86.96306306,49.97657658,116.3189189,52.57027027,62.74684685,84.75135135,76.68918919,54.18179539,72.45474456,86.52540541
327,2015-10-28,1.810526408,2.240351463,0.552081021,85.86666667,49.85175439,115.6078947,52.09210526,62.36578947,84.05614035,77.39912281,50.10496818,72.52225054,86.63631579
328,2015-10-29,1.766666188,2.254955471,0.565528267,86.58558559,49.83513514,116.7063063,52.09009009,62.33603604,84.81891892,78.15135135,50.54264945,73.56734919,85.45513514
329,2015-10-30,1.805660746,2.284906349,0.567369395,87.15471698,49.78207547,117.4754717,52.06698113,62.35283019,85.3490566,78.50754717,50.97232416,73.64075161,85.86415094
330,2015-11-02,1.80363679,2.320721118,0.572132446,87.83693694,49.92432432,118.072973,52.24504505,62.47567568,86.01441441,79.0981982,50.85188477,74.72906563,84.4172973
331,2015-11-03,2.181052595,2.675789479,0.539965681,89.20315789,50.50315789,118.7905263,53.17894737,62.58315789,87.02210526,78.54421053,52.56289365,74.4098442,82.33557895
332,2015-11-04,2.24504536,2.753153345,0.535020404,88.84054054,49.56486486,118.7459459,52.31801802,62.82162162,86.5954955,77.99009009,54.50546706,74.23647965,83.48486486
333,2015-11-05,1.975247146,2.438614112,0.528234194,85.76633663,49.76633663,115.3326733,52.2049505,63.17029703,83.79108911,76.4029703,55.83963419,73.78450905,84.5760396
334,2015-11-06,1.782178297,2.70396053,0.527510359,84.12178218,49.48514851,112.9336634,52.18910891,62.54653465,82.33960396,75.85049505,53.51334805,72.57167383,83.6029703
335,2015-11-09,2.361957123,2.85434777,0.478869278,85.31195652,50.56195652,113.473913,53.41630435,63.26304348,82.95,74.58152174,52.38462526,70.5390954,75.95913043
336,2015-11-11,2.712244778,3.141666656,0.487497823,87.1122449,51.21632653,115.2265306,54.42857143,64.08571429,84.4,75.36122449,52.39136712,72.059018,75.37632653
337,2015-11-12,2.566972572,3.588073375,0.502829555,87.63027523,50.20183486,117.1504587,53.78990826,63.12110092,85.06330275,75.86146789,57.53086898,73.19931065,82.93174312
338,2015-11-13,2.394898232,3.119387573,0.439702934,78.48061224,48.80816327,106.6734694,51.92755102,61.48979592,76.08571429,68.18163265,56.7652776,65.19758882,80.22714286
339,2015-11-16,2.67391248,3.028985732,0.473231021,85.85362319,50.27681159,114.3898551,53.3057971,63.88115942,83.17971014,73.99710145,53.66429425,69.62174751,75.52347826
340,2015-11-18,2.86333338,3.213332883,0.47209136,86.92666667,50.84333333,113.8566667,54.05666667,64.55,84.06333333,74.49,55.82026033,71.14080542,75.674
341,2015-11-19,2.678095279,3.527618916,0.489898571,88.96857143,51.98666667,117.8504762,55.51428571,65.80380952,86.29047619,76.54952381,56.23156354,74.14949055,78.68685714
342,2015-11-25,1.650942815,2.347170198,0.511421848,82.39433962,50.02830189,108.4641509,52.3754717,61.6490566,80.74339623,74.62075472,47.91910306,67.27153857,77.36679245
343,2015-11-26,2.090291735,2.742718597,0.507197032,84.34271845,49.76990291,112.5902913,52.51262136,63.32427184,82.25242718,74.58932039,50.609022,68.11313418,79.24912621
344,2015-11-27,1.821348548,2.389887775,0.539510318,85.08888889,50.00666667,113.9588889,52.42777778,62.98,83.24444444,76.47888889,51.66850444,70.50905368,81.122
345,2015-11-30,1.857142852,2.547619376,0.550110566,86.13619048,49.76571429,115.9571429,52.31333333,63.80761905,84.27904762,77.20285714,51.43181866,71.40309618,78.56171429
346,2015-12-01,2.326471372,2.890196149,0.503517028,86.52647059,50.88039216,114.8176471,53.77058824,64.22745098,84.2,75.63235294,54.22680122,70.28667099,77.42176471
347,2015-12-02,2.10303004,2.781818428,0.527231167,87.16767677,50.53030303,116.2383838,53.31212121,63.21717172,85.06464646,77.05353535,51.94307649,71.27168105,76.93454545
348,2015-12-03,2.612871467,3.287128714,0.483277677,87.3980198,51.11980198,115.8564356,54.40693069,64.97029703,84.78514851,74.93168317,57.01354381,70.16860277,78.27247525
349,2015-12-04,2.332381046,3.035238185,0.48542732,84.99809524,50.6752381,112.7504762,53.71047619,64.03714286,82.66571429,74.02,51.44319655,66.83773717,78.44342857
350,2015-12-07,2.543333312,3.161666807,0.485638876,86.53166667,51.115,114.4983333,54.27666667,64.74166667,83.98833333,74.595,51.38256047,67.7866082,76.031
351,2015-12-08,2.644927001,3.192753555,0.476576343,85.66086957,49.68695652,114.0130435,52.87971014,65.32463768,83.01594203,73.2884058,54.30726435,66.67511425,78.94347826
352,2015-12-09,2.297115689,2.882692343,0.518256781,87.41346154,50.60961538,116.6480769,53.49230769,64.45673077,85.11634615,76.49230769,52.08315871,69.76145413,78.17173077
353,2015-12-10,2.045714741,2.660952764,0.55176959,88.92095238,50.45809524,118.9742857,53.11904762,63.96285714,86.8752381,78.99142857,51.6156784,72.49413596,80.48342857
354,2015-12-11,2.149056776,2.757547313,0.526234644,87.74056604,50.59056604,117.1537736,53.34811321,64.2245283,85.59150943,77.32735849,54.05795186,71.84247207,81.09245283
355,2015-12-14,2.175238263,2.843809869,0.547314718,89.53809524,49.94095238,119.4495238,52.7847619,64.73047619,87.36285714,78.9552381,52.05847841,72.37070173,84.56685714
356,2015-12-15,2.234654252,2.8831684,0.546096726,89.56138614,50.00891089,119.0059406,52.89207921,64.27524752,87.32673267,78.8039604,52.70030393,72.27585012,83.61722772
357,2015-12-17,2.384615164,3.190384571,0.478344986,83.97692308,50.21730769,111.8644231,53.40769231,63.67788462,81.59230769,72.84038462,50.13705142,65.31968809,77.76673077
358,2015-12-18,2.334615842,2.923076775,0.49667323,85.6125,50.71346154,114.0769231,53.63653846,64.38076923,83.27788462,74.77692308,51.33602287,67.95910731,79.46634615
359,2015-12-21,1.87500014,2.561905125,0.508628167,82.36190476,49.60095238,111.2514286,52.16285714,63.3847619,80.4647619,73.67047619,49.33663663,66.82731013,80.81257143
360,2015-12-22,1.991666997,2.652777675,0.49515799,83.11944444,50.24722222,110.1777778,52.9,62.75277778,81.12777778,73.96111111,47.69619142,65.61167905,77.42
361,2015-12-23,2.180189085,2.798113258,0.485163912,82.91792453,50.01792453,110.990566,52.81603774,63.45,80.73773585,72.92830189,49.3440383,65.34608922,78.48754717
362,2015-12-24,2.618094887,3.268571284,0.479977325,85.60095238,50.67714286,113.9847619,53.94571429,64.60095238,82.98285714,73.56095238,49.21162682,64.50032089,78.87028571
363,2015-12-28,2.410377782,3.063207231,0.482578771,84.35377358,50.47924528,112.5056604,53.54245283,64.36226415,81.94339623,73.27169811,49.32418905,64.87624595,76.14415094
364,2015-12-29,2.424762098,3.02285683,0.491807384,84.67142857,50.32761905,113.1504762,53.35047619,64.18761905,82.24666667,73.68,49.86967549,65.46584636,76.70857143
365,2015-12-30,2.77766996,3.148543638,0.432478044,80.85339806,50.57864078,107.7718447,53.72718447,64.94174757,78.07572816,68.76407767,49.73079831,60.11596733,77.13805825
366,2015-12-31,2.731428315,3.412380862,0.440887357,81.27238095,50.14666667,108.9361905,53.55904762,65.25238095,78.54095238,69.15333333,49.35033706,60.29503771,76.232
367,2016-01-01,2.569697212,3.28080838,0.454702779,81.0010101,49.29292929,108.8989899,52.57373737,64.72222222,78.43131313,69.73434343,51.59152029,62.43144482,74.76363636
368,2016-01-04,2.787499726,3.596153704,0.443242938,81.32115385,49.95288462,108.9730769,53.54903846,65.13942308,78.53365385,69.10096154,48.469615,59.20473703,76.34576923
369,2016-01-05,2.791428487,3.758095162,0.448141472,81.53238095,49.91238095,109.4247619,53.67047619,65.16095238,78.74095238,69.39142857,49.10140319,60.06025438,75.57371429
370,2016-01-06,2.723809448,3.580000116,0.468543906,83.93047619,50.24761905,112.1333333,53.82761905,65.34571429,81.20666667,71.79619048,50.25055055,63.17872975,76.90057143
371,2016-01-07,2.679797535,3.373737294,0.483981806,85.77777778,50.53838384,114.3606061,53.91212121,65.41919192,83.0979798,73.73838384,51.37074406,65.84375984,76.57090909
372,2016-01-08,2.880487944,3.399999466,0.466110301,86.92682927,51.59268293,114.802439,54.99268293,66.04390244,84.04634146,73.9097561,54.30408317,66.74140835,80.95121951
373,2016-01-11,2.738461059,3.388461519,0.46395918,83.50961538,50.45480769,111.4923077,53.84326923,65.08076923,80.77115385,71.51634615,46.96718241,60.61134153,76.33192308
374,2016-01-12,2.808571443,3.491428369,0.462338778,83.84380952,50.18857143,112.0685714,53.68,64.46761905,81.0352381,71.46095238,49.28910364,62.05979981,76.83885714
375,2016-01-14,2.911236193,3.433707891,0.447033644,82.51797753,49.79438202,110.241573,53.22808989,64.81460674,79.60674157,69.83370787,51.01285711,61.47009896,78.72314607
376,2016-01-18,2.738094801,3.377142697,0.489582332,87.15714286,50.86952381,115.9352381,54.24666667,65.10285714,84.41904762,74.8952381,50.93989477,66.79085766,79.12228571
377,2016-01-19,2.780612543,3.336734579,0.495872914,88.3122449,51.29285714,116.4357143,54.62959184,65.35816327,85.53163265,75.87244898,53.30422548,69.26384081,79.27571429
378,2016-01-20,2.606556882,3.132787049,0.504754073,87.86721311,50.92295082,115.8508197,54.0557377,64.29836066,85.26065574,76.19344262,51.53749739,68.9709645,78.83540984
379,2016-01-21,2.542373786,3.06271201,0.514928682,89.08474576,51.19491525,118.0254237,54.25762712,64.3779661,86.54237288,77.42542373,51.41580915,70.59449181,78.78779661
380,2016-01-22,2.585858432,3.088888879,0.491560068,86.75454545,50.8,114.9747475,53.88888889,64.98383838,84.16868687,75.11616162,50.1287797,67.08780985,78.00727273
381,2016-01-25,2.561904906,3.1361904,0.509781394,87.85333333,51.08,116.8961905,54.21619048,65.30571429,85.29142857,76.24666667,50.93984359,68.89482107,81.284
382,2016-01-27,2.300000502,2.844761913,0.531239649,87.71809524,50.54380952,117.2714286,53.38857143,64.72,85.41809524,77.24,48.6109292,68.54934015,83.91542857
383,2016-01-28,2.328571718,2.984762243,0.518165374,86.1647619,50.05714286,115.4761905,53.04190476,64.64095238,83.83619048,75.63809524,49.19901201,67.61618142,83.12514286
384,2016-01-29,2.297143329,2.929524308,0.513460415,84.85619048,49.95238095,113.8942857,52.88190476,64.20571429,82.55904762,74.62190476,49.00927917,67.09061298,83.22628571
385,2016-02-01,2.741904704,3.161904971,0.460491823,83.53714286,50.85809524,111.4580952,54.02,65.15809524,80.7952381,71.63714286,44.02741181,59.38273725,80.936
386,2016-02-02,3.035238216,3.463809627,0.450649494,83.8952381,51.06190476,111.8266667,54.52571429,65.7,80.86,70.86380952,47.74182964,59.9170453,80.97028571
387,2016-02-03,3.004761629,3.335237888,0.451513712,84.09238095,51.05333333,112.012381,54.38857143,65.40761905,81.08761905,71.15333333,47.57751514,60.52839884,81.38514286
388,2016-02-04,3.066666025,3.486666415,0.456015725,85.32761905,51.62571429,113.3152381,55.11238095,66.17619048,82.26095238,72.06666667,49.63676382,62.62114643,81.33714286
389,2016-02-05,3.12755103,3.475509998,0.440679871,83.25612245,50.84387755,110.9816327,54.31938776,65.39897959,80.12857143,69.93367347,50.38744158,60.83486319,80.64959184
390,2016-02-08,2.374757861,2.808738299,0.53916559,87.62427184,49.73203883,116.6776699,52.53883495,64.22135922,85.24951456,77.18932039,51.01263808,69.86898037,84.55825243
391,2016-02-09,2.414678593,2.897247665,0.522822286,86.45137615,50.06605505,115.0752294,52.96330275,63.36422018,84.03669725,75.95504587,50.88090824,68.68237075,84.9893578
392,2016-02-11,2.57706444,3.038531979,0.528304909,88.63669725,50.55321101,117.7522936,53.59174312,63.69816514,86.05963303,77.26238532,50.64830345,70.29273183,85.39889908
393,2016-02-12,2.305932377,2.765254493,0.527200255,85.36440678,49.52372881,114.2652542,52.28898305,62.81016949,83.05847458,75.35338983,49.05854975,67.36762231,84.47305085
394,2016-02-13,2.09999952,2.727273427,0.644464548,87.97272727,45.83181818,116.2045455,48.55909091,56.67272727,85.87272727,78.95,42.75422332,68.47135119,78.39090909
395,2016-02-14,2.442856386,3.071428436,0.609561706,89.23571429,47.24642857,116.0821429,50.31785714,59.90357143,86.79285714,79.07857143,40.00882754,65.14689785,78.01571429
396,2016-02-15,2.497590307,3.060241017,0.539576669,84.48674699,46.51927711,113.0783133,49.57951807,61.71927711,81.98915663,73.7,46.25829325,63.15574636,83.42795181
397,2016-02-16,2.525664064,2.923008743,0.553074534,85.73097345,45.53893805,116.2522124,48.4619469,60.68761062,83.20530973,74.73274336,49.95358995,66.98472873,84.41345133
398,2016-02-17,2.767741675,3.15887094,0.530258737,83.89596774,45.73064516,112.4330645,48.88951613,60.4766129,81.12822581,72.37580645,49.89507138,64.76001118,80.37935484
399,2016-02-18,2.627419316,3.016935445,0.553513332,85.75241935,45.9,115.8725806,48.91693548,60.2233871,83.125,74.52903226,50.58094412,67.05669487,81.89774194
400,2016-02-19,2.626190612,2.96559997,0.540095883,84.00714286,45.78571429,113.6039683,48.78333333,60.41031746,81.38095238,72.90555556,49.03261519,65.11740753,84.22
401,2016-02-20,2.253125669,2.658064561,0.66399397,86.153125,42.365625,115.4125,45.1125,53.36875,83.9,77.175,47.57364844,68.26521931,83.609375
402,2016-02-21,2.443478457,2.934782774,0.608250435,87.96956522,45.83043478,115.0130435,48.76521739,56.87826087,85.52608696,77.67391304,50.69437348,70.8388095,80.52173913
403,2016-02-22,2.681818334,3.083838492,0.538170266,87.44040404,48.19191919,117.3060606,51.27575758,62.52626263,84.75858586,75.72121212,50.96054548,68.43322325,91.60545455
404,2016-02-24,2.514925661,2.879104323,0.541652418,89.75671642,50.95597015,119.0761194,53.83507463,63.34029851,87.24179104,78.67835821,49.43460603,70.56027958,86.66089552
405,2016-02-25,2.395160979,2.7645163,0.557610086,88.64596774,50.20403226,118.3653226,52.96854839,62.33548387,86.25080645,78.24274194,52.24556383,72.11737092,88.27612903
406,2016-02-26,2.594957955,2.95966412,0.53843175,88.81932773,49.91344538,118.4,52.87310924,62.29159664,86.22436975,77.5605042,50.91634161,69.92431773,87.73344538
407,2016-02-28,2.445834475,2.82916625,0.525494298,83.55833333,47.43333333,110.0083333,50.2625,58.31666667,81.1125,73.38333333,52.44846563,67.20838588,83.3075
408,2016-02-29,2.733621061,2.961739177,0.532837443,87.70948276,48.93362069,117.2698276,51.92155172,62.50172414,84.97586207,76.35258621,50.75675953,68.63010299,84.065
409,2016-03-01,2.755462318,3.042372686,0.522754886,87.08487395,49.05378151,116.4285714,52.12773109,62.3907563,84.32941176,75.52605042,49.80420695,67.179459,85.13327731
410,2016-03-02,2.713178003,2.93100771,0.516675541,86.56744186,49.58372093,115.6643411,52.51472868,62.58372093,83.85426357,75.27286822,49.96592981,67.10609106,85.61348837
411,2016-03-04,2.750833634,3.020833333,0.497201212,84.38416667,49.33166667,112.6025,52.3525,63.3125,81.63333333,73.11666667,49.56100667,64.67618945,87.386
412,2016-03-05,2.768181205,3.136362932,0.50194739,84.21818182,49.07272727,109.0727273,52.20909091,61.09090909,81.45,73.27272727,53.03927936,66.92536539,84.64181818
413,2016-03-07,2.513043767,2.738043651,0.532979442,86.92173913,50.14673913,115.85,52.88478261,62.4576087,84.40869565,76.46521739,50.19263903,69.01403323,87.16413043
414,2016-03-08,2.802272968,3.097709772,0.52170432,87.65378788,50.20757576,116.4272727,53.33030303,63.06742424,84.85151515,76.01060606,51.92119459,69.16269126,86.97772727
415,2016-03-09,2.431355817,2.659322147,0.538289389,87.35,50.46864407,116.7338983,53.1279661,62.94915254,84.91864407,77.09576271,50.75834439,70.23789013,89.95542373
416,2016-03-10,2.388889172,2.60648158,0.544368537,86.40925926,49.81018519,115.6805556,52.41666667,61.78240741,84.02037037,76.5537037,51.73975998,70.20544243,89.85166667
417,2016-03-11,2.269105557,2.569106032,0.561164598,86.98617886,49.5097561,116.9601626,52.07886179,61.69674797,84.71707317,77.47235772,50.06467278,70.58960773,90.73707317
418,2016-03-12,NA,2.647619314,0.653380008,90.42857143,49.58095238,118.1809524,52.22857143,58.62380952,88.3,81.93809524,41.11966967,70.78065809,81.81714286
419,2016-03-13,2.574999939,2.878570968,0.593787136,89.89642857,49.51428571,117.5142857,52.39285714,60.50714286,87.32142857,79.46785714,48.74740075,71.05364992,87.42071429
420,2016-03-14,2.575590657,2.815748292,0.558844108,88.87480315,50.06062992,118.7787402,52.87637795,62.30629921,86.2992126,78.2488189,50.93188341,71.08009655,91.84220472
421,2016-03-15,2.575939668,2.745865043,0.567739863,89.17443609,49.99548872,118.7924812,52.74135338,61.71804511,86.59849624,78.69473684,50.00008225,71.33878474,90.2956391
422,2016-03-16,2.482945995,2.659231098,0.54279169,86.38076923,49.69846154,115.1253846,52.35769231,61.32307692,83.87615385,76.36461538,50.68052541,69.36978579,90.45292308
423,2016-03-17,2.650000126,2.814166899,0.551469024,87.86666667,49.26083333,117.0125,52.075,61.29416667,85.21666667,77.11333333,52.04766828,70.28900954,91.169
424,2016-03-18,2.83504239,2.906034408,0.54502043,89.8,51.5991453,118.4282051,54.54102564,63.64017094,86.96495726,78.4991453,52.63974928,71.55090455,93.08
425,2016-03-19,2.584848806,2.869696767,0.600619435,89.32424242,49.07272727,115.9787879,51.94242424,59.56969697,86.73939394,79.20909091,52.82447076,73.43960147,86.39818182
426,2016-03-21,2.597857128,2.908571298,0.583543913,90.93428571,50.11785714,121.3142857,53.02642857,61.87,88.33642857,80.215,50.90206509,72.69288779,92.23314286
427,2016-03-22,2.636956874,2.952898443,0.583703278,90.87971014,50.04275362,121.0536232,52.99565217,61.6826087,88.24275362,80.01449275,50.76676292,72.51338397,91.07652174
428,2016-03-23,2.587681047,2.84855069,0.584436838,90.52681159,49.7557971,121.1855072,52.60434783,61.28695652,87.93913043,79.96666667,51.52015455,72.93582962,91.83173913
429,2016-03-24,2.615827329,2.838129602,0.575701187,89.39928058,49.59640288,119.3992806,52.43453237,61.57625899,86.78345324,78.88561151,50.87290339,71.48280915,92.09280576
430,2016-03-25,2.517910175,2.750746713,0.551220061,86.36492537,49.22238806,116.3985075,51.97313433,61.44776119,83.84701493,76.33955224,50.71445066,69.3625998,92.14283582
431,2016-03-28,2.677777613,2.806481747,0.545541487,87.90925926,49.38518519,117.8296296,52.19166667,61.39814815,85.23148148,77.24537037,50.40581439,69.4221475,93.05333333
432,2016-03-29,2.555555263,2.786508142,0.556424041,87.4515873,49.16031746,117.3166667,51.9468254,61.38968254,84.89603175,77.14206349,50.76820746,69.82196499,93.11714286
433,2016-03-30,2.577869719,2.713223269,0.564705038,88.78606557,49.53032787,118.8631148,52.26967213,61.6352459,86.20819672,78.4057377,51.11068761,71.44547993,93.21032787
434,2016-03-31,2.477611884,2.738806593,0.56266488,87.82014925,49.34328358,117.9485075,52.08208955,61.48059701,85.34253731,77.73134328,51.34370183,70.65118293,92.2838806
435,2016-04-01,2.621153463,2.792307342,0.58125981,91.10961538,50.28653846,121.1,53.07884615,62.025,88.48846154,80.43076923,50.93446744,73.3115075,90.66615385
436,2016-04-04,2.695555515,2.869629804,0.563887529,89.07703704,49.24962963,119.2133333,52.11925926,61.49555556,86.38148148,78.1362963,50.85374998,70.53669985,95.08933333
437,2016-04-05,2.628225703,2.819354988,0.568866731,89.12822581,49.21209677,119.1758065,52.03145161,61.34435484,86.5,78.44032258,50.62298356,71.03517447,91.86887097
438,2016-04-06,2.571532975,2.701470965,0.561888939,88.11970803,49.18832117,118.0007299,51.91751825,61.13576642,85.54817518,77.70437956,50.07971461,69.69361005,90.70364964
439,2016-04-07,2.453333533,2.904444384,0.606737997,91.35333333,50.48888889,119.6866667,53.39333333,61.35333333,88.9,81.01777778,48.68248282,72.78591284,88.96
440,2016-04-08,2.441666913,3.016666563,0.614486646,88.67083333,48.56666667,116.5416667,51.58333333,59.1125,86.22916667,78.67916667,54.52529358,73.56473998,88.9925
441,2016-04-09,2.441463749,3.024390434,0.617961569,87.75853659,46.62682927,116.4390244,49.65121951,57.0097561,85.31707317,78.21707317,54.45726827,73.34349739,86.3995122
442,2016-04-10,2.278260274,2.88695693,0.657555149,88.23478261,47.03913043,117.0434783,49.92608696,56.67826087,85.95652174,79.06521739,54.38979178,73.97269207,96.79217391
443,2016-04-11,2.237931412,2.687069307,0.638604715,90.51896552,48.90689655,121.7637931,51.59396552,60.27931034,88.28103448,81.18103448,49.01503626,73.40456131,93.85017241
444,2016-04-12,2.274015653,2.877165433,0.62339678,91.08188976,49.5992126,121.1787402,52.47637795,60.99212598,88.80787402,81.23385827,49.85005736,73.9121955,95.97795276
445,2016-04-13,2.262121136,2.939393992,0.603597494,91.33257576,50.01287879,122.0871212,52.95227273,61.48939394,89.07045455,81.10530303,50.35103723,73.49761674,94.17636364
446,2016-04-14,1.924657163,2.686394962,0.644637004,91.03129252,48.89795918,122.5442177,51.58435374,60.62517007,89.09251701,81.97142857,48.94977143,74.86683182,95.69918367
447,2016-04-15,1.944444442,2.924999664,0.690272416,87.66666667,45.575,116.4611111,48.5,55.12222222,85.72222222,78.99166667,54.23534756,74.39273755,90.765
448,2016-04-16,1.940540811,2.791892181,0.628403398,85.91891892,45.48918919,113.2108108,48.28108108,55.12162162,83.97837838,77.15135135,55.00678803,72.23741571,92.17837838
449,2016-04-17,1.326415013,2.301851763,0.850962087,87.26545455,45.28181818,117.6781818,47.62727273,52.60545455,85.86363636,80.63272727,44.50377456,73.8211461,91.04
450,2016-04-18,1.960869655,2.719565383,0.629735627,90.34275362,49.21086957,121.2550725,51.93043478,60.89855072,88.38188406,81.25434783,49.62920688,74.03793273,97.15347826
451,2016-04-19,1.830714248,2.623741345,0.611161279,87.91571429,48.76357143,118.7764286,51.40785714,60.36928571,86.085,79.32071429,49.34321386,72.56344356,97.40171429
452,2016-04-20,1.975912493,2.75217427,0.61201404,89.33985507,48.85217391,120.3369565,51.60434783,60.26086957,87.34927536,79.95362319,49.99727231,72.38108964,97.08826087
453,2016-04-21,2.08560028,2.673600342,0.589239834,89.6744,49.1136,119.9736,51.7872,60.244,87.5888,79.9712,51.91805811,72.93966259,95.03456
454,2016-04-22,1.805555672,2.468055983,0.608607083,88.74166667,49.10555556,119.6611111,51.57361111,60.09791667,86.93611111,80.19305556,47.96387552,72.24903816,92.7225
455,2016-04-23,1.845714243,2.555555769,0.599830388,85.85277778,45.61944444,114.6055556,48.175,55.18888889,83.95277778,77.15833333,54.52768575,72.390579,87.245
456,2016-04-24,1.818182044,2.563636424,0.631760818,85.79393939,45.18484848,114.4030303,47.74848485,54.34848485,83.97575758,77.54242424,53.43183021,72.80199244,87.56
457,2016-04-25,2.191550232,2.688732525,0.581581253,89.23943662,49.62957746,118.0014085,52.31830986,60.84084507,87.04788732,79.39295775,50.22544563,72.73302131,93.61323944
458,2016-04-26,2.043662586,2.719149457,0.61585501,90.17394366,48.61549296,120.9429577,51.35915493,60.0971831,88.13028169,80.67957746,50.49082051,73.46888083,97.0243662
459,2016-04-27,1.921622091,2.516216999,0.610118862,88.71216216,48.36756757,118.7243243,50.88378378,58.98378378,86.79054054,79.89189189,51.09666558,73.52772671,92.4872973
460,2016-04-28,1.932530325,2.448148462,0.626769716,89.28795181,48.53493976,118.9855422,51.05542169,58.91084337,87.35542169,80.52650602,51.78456306,74.48562101,90.96409639
461,2016-04-29,2.050495181,2.555446016,0.579944022,86.80891089,48.02277228,116.6930693,50.57821782,59.43960396,84.75841584,77.6009901,52.73686898,70.61586333,96.71089109
462,2016-04-30,2.070731739,2.721950902,0.600635452,87.09268293,45.87560976,116.6585366,48.59756098,56.09268293,85.02195122,77.70487805,55.42990102,72.57648758,90.30682927
463,2016-05-01,2.063415524,2.71707321,0.596505543,86.2902439,45.71219512,115.4878049,48.42926829,56.01463415,84.22682927,76.87317073,54.92414424,71.935579,89.70536585
